{"model": null, "solver": {"lr": 0.03, "num_epochs": 100, "sync_interval": 1, "batch_sz": 64, "one_cycle": true, "multi_stage": [], "class_loss_weights": [1.0, 10.0], "ignore_class_index": null, "external_loss_def": null, "type_hint": "solver"}, "data": {"class_config": {"names": ["background", "viviendas precarias"], "colors": ["lightgray", "darkred"], "null_class": "background", "type_hint": "class_config"}, "img_channels": null, "img_sz": 256, "train_sz": null, "train_sz_rel": null, "num_workers": 0, "augmentors": ["RandomRotate90", "HorizontalFlip", "VerticalFlip"], "base_transform": null, "aug_transform": null, "plot_options": {"transform": {"__version__": "1.4.17", "transform": {"__class_fullname__": "rastervision.pytorch_learner.utils.utils.MinMaxNormalize", "p": 1.0, "min_val": 0.0, "max_val": 1.0, "dtype": 5}}, "channel_display_groups": null, "type_hint": "plot_options"}, "preview_batch_limit": null, "type_hint": "semantic_segmentation_geo_data", "scene_dataset": null, "sampling": {}}, "eval_train": false, "save_model_bundle": true, "log_tensorboard": true, "run_tensorboard": false, "output_uri": null, "save_all_checkpoints": false, "type_hint": "semantic_segmentation_learner", "plugin_versions": {"rastervision.aws_batch": 0, "rastervision.aws_s3": 0, "rastervision.core": 14, "rastervision.pipeline_example_plugin1": 0, "rastervision.pipeline_example_plugin2": 0, "rastervision.pytorch_backend": 2, "rastervision.pytorch_learner": 7, "rastervision.pipeline": 0}}